dataset,fold,mode,M,n_test,oracle_1,oracle_M,oracle_curve_json,majority_vote,mean_probs,double_fault_mean,mean_individual_acc
Wine,0,ga,100,60,1.0,0.08333333333333333,"[1.0, 1.0, 1.0, 1.0, 1.0, 1.0, 1.0, 1.0, 1.0, 1.0, 1.0, 1.0, 1.0, 1.0, 1.0, 1.0, 1.0, 1.0, 1.0, 1.0, 1.0, 1.0, 1.0, 1.0, 1.0, 1.0, 1.0, 1.0, 1.0, 1.0, 1.0, 1.0, 1.0, 1.0, 1.0, 1.0, 1.0, 1.0, 0.9833333333333333, 0.9833333333333333, 0.9833333333333333, 0.9833333333333333, 0.9833333333333333, 0.9833333333333333, 0.9833333333333333, 0.9833333333333333, 0.9833333333333333, 0.9833333333333333, 0.9666666666666667, 0.9666666666666667, 0.9666666666666667, 0.9666666666666667, 0.95, 0.95, 0.9333333333333333, 0.9333333333333333, 0.9333333333333333, 0.9333333333333333, 0.9166666666666666, 0.9166666666666666, 0.9166666666666666, 0.9166666666666666, 0.9, 0.9, 0.8833333333333333, 0.8666666666666667, 0.8666666666666667, 0.8666666666666667, 0.85, 0.8, 0.8, 0.8, 0.8, 0.8, 0.7833333333333333, 0.7666666666666667, 0.7666666666666667, 0.7666666666666667, 0.7666666666666667, 0.75, 0.75, 0.7333333333333333, 0.7166666666666667, 0.7166666666666667, 0.7, 0.7, 0.6333333333333333, 0.5666666666666667, 0.55, 0.5333333333333333, 0.5333333333333333, 0.5166666666666667, 0.48333333333333334, 0.48333333333333334, 0.48333333333333334, 0.43333333333333335, 0.4, 0.3, 0.15, 0.08333333333333333]",0.9833333333333333,0.9833333333333333,0.0414040404040404,0.8620000000000002
Wine,0,rf,100,60,1.0,0.05,"[1.0, 1.0, 1.0, 1.0, 1.0, 1.0, 1.0, 1.0, 1.0, 1.0, 1.0, 1.0, 1.0, 1.0, 1.0, 1.0, 1.0, 1.0, 1.0, 1.0, 1.0, 1.0, 1.0, 1.0, 1.0, 1.0, 1.0, 1.0, 1.0, 1.0, 1.0, 1.0, 1.0, 1.0, 1.0, 1.0, 1.0, 1.0, 1.0, 1.0, 1.0, 1.0, 1.0, 0.9833333333333333, 0.9833333333333333, 0.9833333333333333, 0.9833333333333333, 0.9833333333333333, 0.9833333333333333, 0.9833333333333333, 0.9833333333333333, 0.9833333333333333, 0.9833333333333333, 0.9833333333333333, 0.9833333333333333, 0.9833333333333333, 0.9833333333333333, 0.95, 0.9333333333333333, 0.9333333333333333, 0.9333333333333333, 0.9166666666666666, 0.9, 0.8833333333333333, 0.8833333333333333, 0.8666666666666667, 0.8666666666666667, 0.85, 0.85, 0.85, 0.85, 0.8333333333333334, 0.8333333333333334, 0.8333333333333334, 0.8333333333333334, 0.8333333333333334, 0.8333333333333334, 0.8333333333333334, 0.8333333333333334, 0.8166666666666667, 0.7833333333333333, 0.7666666666666667, 0.7666666666666667, 0.75, 0.7166666666666667, 0.65, 0.6333333333333333, 0.6333333333333333, 0.6166666666666667, 0.6, 0.5833333333333334, 0.5333333333333333, 0.5, 0.43333333333333335, 0.31666666666666665, 0.26666666666666666, 0.23333333333333334, 0.13333333333333333, 0.08333333333333333, 0.05]",0.9833333333333333,0.9833333333333333,0.03411447811447812,0.8676666666666668
Wine,1,ga,100,59,1.0,0.1694915254237288,"[1.0, 1.0, 1.0, 1.0, 1.0, 1.0, 1.0, 1.0, 1.0, 1.0, 1.0, 1.0, 1.0, 1.0, 1.0, 1.0, 1.0, 1.0, 1.0, 1.0, 1.0, 1.0, 1.0, 1.0, 1.0, 1.0, 1.0, 1.0, 1.0, 1.0, 1.0, 1.0, 1.0, 1.0, 1.0, 1.0, 1.0, 1.0, 1.0, 0.9830508474576272, 0.9830508474576272, 0.9830508474576272, 0.9830508474576272, 0.9830508474576272, 0.9830508474576272, 0.9830508474576272, 0.9830508474576272, 0.9661016949152542, 0.9491525423728814, 0.9491525423728814, 0.9322033898305084, 0.9152542372881356, 0.9152542372881356, 0.9152542372881356, 0.9152542372881356, 0.9152542372881356, 0.8983050847457628, 0.8983050847457628, 0.8983050847457628, 0.8983050847457628, 0.8983050847457628, 0.8813559322033898, 0.8813559322033898, 0.8813559322033898, 0.8813559322033898, 0.8813559322033898, 0.864406779661017, 0.864406779661017, 0.864406779661017, 0.864406779661017, 0.864406779661017, 0.864406779661017, 0.864406779661017, 0.864406779661017, 0.864406779661017, 0.8305084745762712, 0.8135593220338984, 0.7966101694915254, 0.7796610169491526, 0.7627118644067796, 0.7627118644067796, 0.7627118644067796, 0.7288135593220338, 0.711864406779661, 0.6949152542372882, 0.6271186440677966, 0.6101694915254238, 0.5932203389830508, 0.576271186440678, 0.576271186440678, 0.559322033898305, 0.559322033898305, 0.5084745762711864, 0.4745762711864407, 0.4745762711864407, 0.4406779661016949, 0.3728813559322034, 0.3389830508474576, 0.2542372881355932, 0.1694915254237288]",0.9661016949152542,0.9661016949152542,0.04175997260743024,0.8669491525423727
Wine,1,rf,100,59,1.0,0.1016949152542373,"[1.0, 1.0, 1.0, 1.0, 1.0, 1.0, 1.0, 1.0, 1.0, 1.0, 1.0, 1.0, 1.0, 1.0, 1.0, 1.0, 1.0, 1.0, 1.0, 1.0, 1.0, 1.0, 1.0, 1.0, 1.0, 1.0, 1.0, 1.0, 1.0, 1.0, 1.0, 1.0, 1.0, 1.0, 1.0, 1.0, 1.0, 1.0, 1.0, 1.0, 1.0, 1.0, 1.0, 1.0, 1.0, 1.0, 1.0, 0.9830508474576272, 0.9830508474576272, 0.9830508474576272, 0.9830508474576272, 0.9830508474576272, 0.9830508474576272, 0.9830508474576272, 0.9830508474576272, 0.9830508474576272, 0.9661016949152542, 0.9661016949152542, 0.9661016949152542, 0.9661016949152542, 0.9661016949152542, 0.9661016949152542, 0.9661016949152542, 0.9322033898305084, 0.9152542372881356, 0.9152542372881356, 0.9152542372881356, 0.9152542372881356, 0.8983050847457628, 0.8983050847457628, 0.8813559322033898, 0.8813559322033898, 0.864406779661017, 0.864406779661017, 0.847457627118644, 0.8305084745762712, 0.7966101694915254, 0.7966101694915254, 0.7966101694915254, 0.7966101694915254, 0.7627118644067796, 0.711864406779661, 0.711864406779661, 0.6949152542372882, 0.6440677966101694, 0.576271186440678, 0.559322033898305, 0.559322033898305, 0.5423728813559322, 0.4915254237288136, 0.4745762711864407, 0.4576271186440678, 0.3898305084745763, 0.3220338983050847, 0.3050847457627119, 0.288135593220339, 0.22033898305084745, 0.2033898305084746, 0.13559322033898305, 0.1016949152542373]",1.0,1.0,0.03162472179421332,0.865084745762712
Wine,2,ga,100,59,1.0,0.3050847457627119,"[1.0, 1.0, 1.0, 1.0, 1.0, 1.0, 1.0, 1.0, 1.0, 1.0, 1.0, 1.0, 1.0, 1.0, 1.0, 1.0, 1.0, 1.0, 1.0, 1.0, 1.0, 0.9830508474576272, 0.9830508474576272, 0.9830508474576272, 0.9830508474576272, 0.9830508474576272, 0.9830508474576272, 0.9830508474576272, 0.9830508474576272, 0.9830508474576272, 0.9830508474576272, 0.9661016949152542, 0.9661016949152542, 0.9661016949152542, 0.9661016949152542, 0.9661016949152542, 0.9661016949152542, 0.9661016949152542, 0.9661016949152542, 0.9491525423728814, 0.9491525423728814, 0.9491525423728814, 0.9491525423728814, 0.9491525423728814, 0.9491525423728814, 0.9491525423728814, 0.9491525423728814, 0.9491525423728814, 0.9491525423728814, 0.9491525423728814, 0.9491525423728814, 0.9491525423728814, 0.9491525423728814, 0.9491525423728814, 0.9491525423728814, 0.9491525423728814, 0.9322033898305084, 0.9152542372881356, 0.8983050847457628, 0.8983050847457628, 0.8983050847457628, 0.8983050847457628, 0.864406779661017, 0.864406779661017, 0.847457627118644, 0.847457627118644, 0.847457627118644, 0.847457627118644, 0.847457627118644, 0.8135593220338984, 0.7966101694915254, 0.7966101694915254, 0.7966101694915254, 0.7966101694915254, 0.7966101694915254, 0.7966101694915254, 0.7966101694915254, 0.7966101694915254, 0.7796610169491526, 0.7457627118644068, 0.7457627118644068, 0.7288135593220338, 0.711864406779661, 0.6949152542372882, 0.6610169491525424, 0.6440677966101694, 0.6271186440677966, 0.6271186440677966, 0.6271186440677966, 0.6271186440677966, 0.5932203389830508, 0.5423728813559322, 0.5254237288135594, 0.5084745762711864, 0.5084745762711864, 0.4576271186440678, 0.4576271186440678, 0.4067796610169492, 0.3389830508474576, 0.3050847457627119]",0.9491525423728814,0.9491525423728814,0.05206300291046053,0.8615254237288137
Wine,2,rf,100,59,1.0,0.0847457627118644,"[1.0, 1.0, 1.0, 1.0, 1.0, 1.0, 1.0, 1.0, 1.0, 1.0, 1.0, 1.0, 1.0, 1.0, 1.0, 1.0, 1.0, 1.0, 1.0, 1.0, 1.0, 1.0, 1.0, 1.0, 1.0, 1.0, 1.0, 1.0, 1.0, 1.0, 1.0, 1.0, 1.0, 1.0, 1.0, 1.0, 1.0, 1.0, 1.0, 1.0, 1.0, 1.0, 1.0, 1.0, 1.0, 0.9830508474576272, 0.9661016949152542, 0.9661016949152542, 0.9661016949152542, 0.9661016949152542, 0.9661016949152542, 0.9661016949152542, 0.9661016949152542, 0.9661016949152542, 0.9661016949152542, 0.9661016949152542, 0.9491525423728814, 0.9491525423728814, 0.9322033898305084, 0.9322033898305084, 0.9322033898305084, 0.9322033898305084, 0.9322033898305084, 0.9152542372881356, 0.9152542372881356, 0.9152542372881356, 0.9152542372881356, 0.9152542372881356, 0.8983050847457628, 0.864406779661017, 0.864406779661017, 0.864406779661017, 0.847457627118644, 0.8135593220338984, 0.7966101694915254, 0.7966101694915254, 0.7627118644067796, 0.7627118644067796, 0.7288135593220338, 0.7288135593220338, 0.711864406779661, 0.711864406779661, 0.6949152542372882, 0.6949152542372882, 0.6949152542372882, 0.6440677966101694, 0.6440677966101694, 0.6271186440677966, 0.6101694915254238, 0.6101694915254238, 0.6101694915254238, 0.559322033898305, 0.5423728813559322, 0.4915254237288136, 0.4915254237288136, 0.4067796610169492, 0.3898305084745763, 0.3389830508474576, 0.1864406779661017, 0.0847457627118644]",0.9830508474576272,0.9830508474576272,0.03529875021400445,0.8725423728813558
Banana,0,ga,100,667,1.0,0.7031484257871065,"[1.0, 1.0, 1.0, 1.0, 1.0, 1.0, 1.0, 0.9985007496251874, 0.9985007496251874, 0.9985007496251874, 0.9970014992503748, 0.9970014992503748, 0.9970014992503748, 0.9955022488755623, 0.9940029985007496, 0.992503748125937, 0.9910044977511244, 0.9910044977511244, 0.9910044977511244, 0.9910044977511244, 0.9910044977511244, 0.9910044977511244, 0.9910044977511244, 0.9880059970014993, 0.9880059970014993, 0.9880059970014993, 0.9880059970014993, 0.9880059970014993, 0.9880059970014993, 0.9880059970014993, 0.9865067466266867, 0.9865067466266867, 0.9865067466266867, 0.9865067466266867, 0.9865067466266867, 0.9865067466266867, 0.9865067466266867, 0.9850074962518741, 0.9835082458770614, 0.9820089955022488, 0.9820089955022488, 0.9820089955022488, 0.9820089955022488, 0.9790104947526237, 0.9775112443778111, 0.9775112443778111, 0.9775112443778111, 0.9760119940029985, 0.9760119940029985, 0.9760119940029985, 0.9760119940029985, 0.9760119940029985, 0.974512743628186, 0.974512743628186, 0.974512743628186, 0.974512743628186, 0.974512743628186, 0.9730134932533733, 0.9700149925037481, 0.9700149925037481, 0.967016491754123, 0.967016491754123, 0.967016491754123, 0.967016491754123, 0.9655172413793104, 0.9640179910044977, 0.9625187406296851, 0.9610194902548725, 0.95952023988006, 0.95952023988006, 0.95952023988006, 0.9550224887556222, 0.9505247376311844, 0.9505247376311844, 0.9505247376311844, 0.9475262368815592, 0.9445277361319341, 0.9415292353823088, 0.9355322338830585, 0.9325337331334332, 0.9325337331334332, 0.9265367316341829, 0.9265367316341829, 0.9205397301349325, 0.9175412293853074, 0.9145427286356822, 0.9070464767616192, 0.9025487256371814, 0.8995502248875562, 0.896551724137931, 0.8935532233883059, 0.8845577211394303, 0.8740629685157422, 0.8680659670164917, 0.8515742128935532, 0.8470764617691154, 0.8200899550224887, 0.7931034482758621, 0.7661169415292354, 0.7031484257871065]",0.9760119940029985,0.9760119940029985,0.018122151045689275,0.9575412293853074
Banana,0,rf,100,667,1.0,0.5052473763118441,"[1.0, 1.0, 1.0, 1.0, 1.0, 1.0, 0.9985007496251874, 0.9970014992503748, 0.9970014992503748, 0.9970014992503748, 0.9970014992503748, 0.9970014992503748, 0.9970014992503748, 0.9970014992503748, 0.9970014992503748, 0.9970014992503748, 0.9970014992503748, 0.9955022488755623, 0.9955022488755623, 0.9955022488755623, 0.9940029985007496, 0.9940029985007496, 0.9940029985007496, 0.992503748125937, 0.9910044977511244, 0.9895052473763118, 0.9895052473763118, 0.9895052473763118, 0.9850074962518741, 0.9850074962518741, 0.9835082458770614, 0.9835082458770614, 0.9835082458770614, 0.9835082458770614, 0.9835082458770614, 0.9835082458770614, 0.9835082458770614, 0.9820089955022488, 0.9820089955022488, 0.9820089955022488, 0.9820089955022488, 0.9820089955022488, 0.9820089955022488, 0.9805097451274363, 0.9805097451274363, 0.9805097451274363, 0.9805097451274363, 0.9805097451274363, 0.9805097451274363, 0.9805097451274363, 0.9790104947526237, 0.9775112443778111, 0.9760119940029985, 0.9760119940029985, 0.9730134932533733, 0.9730134932533733, 0.9715142428785607, 0.9715142428785607, 0.9715142428785607, 0.9700149925037481, 0.9700149925037481, 0.9685157421289355, 0.9685157421289355, 0.9685157421289355, 0.967016491754123, 0.9655172413793104, 0.9625187406296851, 0.9625187406296851, 0.9625187406296851, 0.9625187406296851, 0.9625187406296851, 0.9610194902548725, 0.9610194902548725, 0.95952023988006, 0.9535232383808095, 0.9535232383808095, 0.9505247376311844, 0.9475262368815592, 0.9430284857571214, 0.9415292353823088, 0.9355322338830585, 0.9310344827586207, 0.9280359820089955, 0.9220389805097451, 0.9190404797601199, 0.9160419790104948, 0.9130434782608695, 0.9085457271364318, 0.9025487256371814, 0.9025487256371814, 0.896551724137931, 0.8845577211394303, 0.8785607196401799, 0.8665667166416792, 0.8545727136431784, 0.8260869565217391, 0.7946026986506747, 0.7511244377811095, 0.6671664167916042, 0.5052473763118441]",0.9790104947526237,0.9790104947526237,0.017096300334681146,0.9553373313343326
Banana,1,ga,100,667,0.992503748125937,0.7781109445277361,"[0.992503748125937, 0.992503748125937, 0.9910044977511244, 0.9910044977511244, 0.9910044977511244, 0.9910044977511244, 0.9910044977511244, 0.9895052473763118, 0.9895052473763118, 0.9895052473763118, 0.9895052473763118, 0.9895052473763118, 0.9895052473763118, 0.9895052473763118, 0.9895052473763118, 0.9895052473763118, 0.9865067466266867, 0.9865067466266867, 0.9850074962518741, 0.9850074962518741, 0.9850074962518741, 0.9835082458770614, 0.9835082458770614, 0.9835082458770614, 0.9835082458770614, 0.9835082458770614, 0.9820089955022488, 0.9820089955022488, 0.9805097451274363, 0.9805097451274363, 0.9805097451274363, 0.9805097451274363, 0.9805097451274363, 0.9805097451274363, 0.9805097451274363, 0.9805097451274363, 0.9805097451274363, 0.9805097451274363, 0.9790104947526237, 0.9790104947526237, 0.9790104947526237, 0.9790104947526237, 0.9790104947526237, 0.9775112443778111, 0.9775112443778111, 0.9775112443778111, 0.9775112443778111, 0.9760119940029985, 0.974512743628186, 0.974512743628186, 0.974512743628186, 0.9730134932533733, 0.9730134932533733, 0.9730134932533733, 0.9715142428785607, 0.9715142428785607, 0.9700149925037481, 0.9685157421289355, 0.9655172413793104, 0.9655172413793104, 0.9625187406296851, 0.95952023988006, 0.95952023988006, 0.9565217391304348, 0.9565217391304348, 0.9550224887556222, 0.9550224887556222, 0.9535232383808095, 0.952023988005997, 0.952023988005997, 0.952023988005997, 0.9505247376311844, 0.9505247376311844, 0.9490254872563718, 0.9490254872563718, 0.9445277361319341, 0.9415292353823088, 0.9415292353823088, 0.9400299850074962, 0.9400299850074962, 0.9400299850074962, 0.9370314842578711, 0.9340329835082459, 0.9325337331334332, 0.9325337331334332, 0.9310344827586207, 0.9280359820089955, 0.9220389805097451, 0.9205397301349325, 0.9160419790104948, 0.9115442278860569, 0.9085457271364318, 0.9055472263868066, 0.8980509745127436, 0.8950524737631185, 0.8785607196401799, 0.8665667166416792, 0.8605697151424287, 0.8440779610194903, 0.7781109445277361]",0.974512743628186,0.974512743628186,0.022719246437387368,0.9595802098950524
Banana,1,rf,100,667,0.9970014992503748,0.5367316341829086,"[0.9970014992503748, 0.9970014992503748, 0.9940029985007496, 0.992503748125937, 0.992503748125937, 0.992503748125937, 0.992503748125937, 0.992503748125937, 0.9910044977511244, 0.9910044977511244, 0.9895052473763118, 0.9895052473763118, 0.9895052473763118, 0.9895052473763118, 0.9895052473763118, 0.9895052473763118, 0.9895052473763118, 0.9895052473763118, 0.9895052473763118, 0.9895052473763118, 0.9895052473763118, 0.9895052473763118, 0.9895052473763118, 0.9895052473763118, 0.9895052473763118, 0.9895052473763118, 0.9895052473763118, 0.9895052473763118, 0.9880059970014993, 0.9865067466266867, 0.9850074962518741, 0.9820089955022488, 0.9820089955022488, 0.9805097451274363, 0.9805097451274363, 0.9805097451274363, 0.9805097451274363, 0.9805097451274363, 0.9805097451274363, 0.9805097451274363, 0.9805097451274363, 0.9790104947526237, 0.9790104947526237, 0.9790104947526237, 0.9790104947526237, 0.9775112443778111, 0.9775112443778111, 0.9775112443778111, 0.9775112443778111, 0.9775112443778111, 0.9775112443778111, 0.9775112443778111, 0.9775112443778111, 0.974512743628186, 0.9715142428785607, 0.9700149925037481, 0.9685157421289355, 0.967016491754123, 0.967016491754123, 0.9655172413793104, 0.9655172413793104, 0.9640179910044977, 0.9625187406296851, 0.9625187406296851, 0.95952023988006, 0.95952023988006, 0.9580209895052474, 0.9580209895052474, 0.9550224887556222, 0.9550224887556222, 0.9550224887556222, 0.9550224887556222, 0.9550224887556222, 0.9535232383808095, 0.952023988005997, 0.952023988005997, 0.9475262368815592, 0.9445277361319341, 0.9400299850074962, 0.9400299850074962, 0.9385307346326837, 0.9370314842578711, 0.9325337331334332, 0.9295352323838081, 0.9250374812593704, 0.9205397301349325, 0.9175412293853074, 0.9160419790104948, 0.9130434782608695, 0.9085457271364318, 0.9070464767616192, 0.8995502248875562, 0.8950524737631185, 0.8785607196401799, 0.863568215892054, 0.8470764617691154, 0.8170914542728636, 0.7766116941529235, 0.6896551724137931, 0.5367316341829086]",0.9775112443778111,0.9775112443778111,0.020608483636969394,0.9547526236881559
Banana,2,ga,100,666,0.996996996996997,0.7297297297297297,"[0.996996996996997, 0.9924924924924925, 0.9924924924924925, 0.987987987987988, 0.987987987987988, 0.987987987987988, 0.987987987987988, 0.987987987987988, 0.987987987987988, 0.987987987987988, 0.984984984984985, 0.984984984984985, 0.984984984984985, 0.984984984984985, 0.984984984984985, 0.984984984984985, 0.984984984984985, 0.984984984984985, 0.984984984984985, 0.984984984984985, 0.984984984984985, 0.984984984984985, 0.9834834834834835, 0.9834834834834835, 0.978978978978979, 0.978978978978979, 0.9774774774774775, 0.9774774774774775, 0.9774774774774775, 0.975975975975976, 0.975975975975976, 0.975975975975976, 0.975975975975976, 0.9744744744744744, 0.972972972972973, 0.972972972972973, 0.972972972972973, 0.972972972972973, 0.972972972972973, 0.972972972972973, 0.9714714714714715, 0.9714714714714715, 0.9714714714714715, 0.9714714714714715, 0.9714714714714715, 0.9684684684684685, 0.9684684684684685, 0.9684684684684685, 0.9684684684684685, 0.9654654654654654, 0.9654654654654654, 0.963963963963964, 0.9624624624624625, 0.9624624624624625, 0.9624624624624625, 0.9624624624624625, 0.960960960960961, 0.960960960960961, 0.960960960960961, 0.960960960960961, 0.9594594594594594, 0.9579579579579579, 0.9564564564564565, 0.9564564564564565, 0.9564564564564565, 0.9564564564564565, 0.9564564564564565, 0.954954954954955, 0.9534534534534534, 0.9519519519519519, 0.9519519519519519, 0.9519519519519519, 0.9504504504504504, 0.948948948948949, 0.9459459459459459, 0.9444444444444444, 0.9414414414414415, 0.9384384384384384, 0.9369369369369369, 0.9354354354354354, 0.933933933933934, 0.9324324324324325, 0.9324324324324325, 0.9279279279279279, 0.9204204204204204, 0.9174174174174174, 0.9144144144144144, 0.9099099099099099, 0.9054054054054054, 0.9054054054054054, 0.8993993993993994, 0.8933933933933934, 0.8813813813813813, 0.8753753753753754, 0.8618618618618619, 0.8498498498498499, 0.8363363363363363, 0.8168168168168168, 0.7912912912912913, 0.7297297297297297]",0.9654654654654654,0.9654654654654654,0.026725816725816726,0.9525225225225227
Banana,2,rf,100,666,0.996996996996997,0.524024024024024,"[0.996996996996997, 0.9954954954954955, 0.993993993993994, 0.9894894894894894, 0.9894894894894894, 0.9894894894894894, 0.9894894894894894, 0.987987987987988, 0.987987987987988, 0.987987987987988, 0.987987987987988, 0.987987987987988, 0.9864864864864865, 0.9864864864864865, 0.9864864864864865, 0.9864864864864865, 0.9864864864864865, 0.9864864864864865, 0.984984984984985, 0.984984984984985, 0.984984984984985, 0.984984984984985, 0.984984984984985, 0.984984984984985, 0.9834834834834835, 0.9834834834834835, 0.9819819819819819, 0.978978978978979, 0.978978978978979, 0.978978978978979, 0.9774774774774775, 0.9774774774774775, 0.9774774774774775, 0.9774774774774775, 0.9774774774774775, 0.9774774774774775, 0.9774774774774775, 0.9774774774774775, 0.9774774774774775, 0.9774774774774775, 0.9774774774774775, 0.975975975975976, 0.9744744744744744, 0.9744744744744744, 0.9744744744744744, 0.972972972972973, 0.972972972972973, 0.9684684684684685, 0.9684684684684685, 0.9684684684684685, 0.9669669669669669, 0.9669669669669669, 0.9654654654654654, 0.963963963963964, 0.963963963963964, 0.963963963963964, 0.963963963963964, 0.963963963963964, 0.963963963963964, 0.963963963963964, 0.960960960960961, 0.960960960960961, 0.9579579579579579, 0.9579579579579579, 0.9579579579579579, 0.9564564564564565, 0.9534534534534534, 0.948948948948949, 0.948948948948949, 0.948948948948949, 0.948948948948949, 0.9474474474474475, 0.9459459459459459, 0.9444444444444444, 0.9444444444444444, 0.9429429429429429, 0.9414414414414415, 0.9354354354354354, 0.9354354354354354, 0.933933933933934, 0.9324324324324325, 0.9234234234234234, 0.918918918918919, 0.9144144144144144, 0.9084084084084084, 0.9069069069069069, 0.9024024024024024, 0.8978978978978979, 0.8843843843843844, 0.8768768768768769, 0.8693693693693694, 0.8588588588588588, 0.8498498498498499, 0.8423423423423423, 0.8348348348348348, 0.8138138138138138, 0.7867867867867868, 0.7387387387387387, 0.6636636636636637, 0.524024024024024]",0.9669669669669669,0.9669669669669669,0.025783662450329117,0.9457057057057057
Vehicle,0,ga,100,282,1.0,0.06382978723404255,"[1.0, 1.0, 1.0, 0.9964539007092199, 0.9929078014184397, 0.9893617021276596, 0.9893617021276596, 0.9858156028368794, 0.9787234042553191, 0.975177304964539, 0.9716312056737588, 0.9680851063829787, 0.9609929078014184, 0.9539007092198581, 0.950354609929078, 0.9468085106382979, 0.9397163120567376, 0.9290780141843972, 0.925531914893617, 0.9219858156028369, 0.9219858156028369, 0.9184397163120568, 0.9148936170212766, 0.9078014184397163, 0.8936170212765957, 0.8900709219858156, 0.8865248226950354, 0.8829787234042553, 0.8794326241134752, 0.8652482269503546, 0.8652482269503546, 0.8617021276595744, 0.8368794326241135, 0.8226950354609929, 0.8085106382978723, 0.8014184397163121, 0.7978723404255319, 0.7836879432624113, 0.7801418439716312, 0.7695035460992907, 0.75177304964539, 0.7446808510638298, 0.7375886524822695, 0.7340425531914894, 0.7304964539007093, 0.7198581560283688, 0.7092198581560284, 0.7021276595744681, 0.6950354609929078, 0.6950354609929078, 0.6808510638297872, 0.6595744680851063, 0.6418439716312057, 0.6276595744680851, 0.6099290780141844, 0.6099290780141844, 0.6063829787234043, 0.6063829787234043, 0.5957446808510638, 0.5886524822695035, 0.5815602836879432, 0.5673758865248227, 0.5602836879432624, 0.549645390070922, 0.5425531914893617, 0.524822695035461, 0.5070921985815603, 0.5035460992907801, 0.5, 0.4858156028368794, 0.46808510638297873, 0.46808510638297873, 0.4574468085106383, 0.45390070921985815, 0.450354609929078, 0.450354609929078, 0.4397163120567376, 0.43617021276595747, 0.43617021276595747, 0.42907801418439717, 0.41134751773049644, 0.41134751773049644, 0.40425531914893614, 0.39361702127659576, 0.3829787234042553, 0.35815602836879434, 0.35106382978723405, 0.3404255319148936, 0.32269503546099293, 0.3120567375886525, 0.2978723404255319, 0.28368794326241137, 0.2624113475177305, 0.24113475177304963, 0.23049645390070922, 0.21631205673758866, 0.19148936170212766, 0.1702127659574468, 0.1453900709219858, 0.06382978723404255]",0.75177304964539,0.75177304964539,0.19943047496238983,0.6551418439716312
Vehicle,0,rf,100,282,1.0,0.0425531914893617,"[1.0, 1.0, 1.0, 1.0, 1.0, 1.0, 1.0, 1.0, 1.0, 0.9929078014184397, 0.9858156028368794, 0.9858156028368794, 0.9858156028368794, 0.9858156028368794, 0.9822695035460993, 0.975177304964539, 0.9716312056737588, 0.9645390070921985, 0.9539007092198581, 0.9468085106382979, 0.9397163120567376, 0.9326241134751773, 0.925531914893617, 0.9113475177304965, 0.9078014184397163, 0.900709219858156, 0.8936170212765957, 0.8865248226950354, 0.8794326241134752, 0.875886524822695, 0.8723404255319149, 0.851063829787234, 0.8439716312056738, 0.8439716312056738, 0.8333333333333334, 0.8297872340425532, 0.8226950354609929, 0.8049645390070922, 0.7872340425531915, 0.776595744680851, 0.7695035460992907, 0.7624113475177305, 0.7553191489361702, 0.7411347517730497, 0.7411347517730497, 0.7375886524822695, 0.7198581560283688, 0.7163120567375887, 0.7092198581560284, 0.6985815602836879, 0.6914893617021277, 0.6773049645390071, 0.6666666666666666, 0.6524822695035462, 0.6418439716312057, 0.6418439716312057, 0.624113475177305, 0.6099290780141844, 0.5957446808510638, 0.5921985815602837, 0.5886524822695035, 0.5673758865248227, 0.5638297872340425, 0.5531914893617021, 0.5390070921985816, 0.5283687943262412, 0.5177304964539007, 0.5106382978723404, 0.5, 0.475177304964539, 0.46099290780141844, 0.44680851063829785, 0.4397163120567376, 0.42907801418439717, 0.4148936170212766, 0.40070921985815605, 0.39361702127659576, 0.3829787234042553, 0.3723404255319149, 0.35815602836879434, 0.35106382978723405, 0.32978723404255317, 0.3262411347517731, 0.3120567375886525, 0.30851063829787234, 0.29432624113475175, 0.2765957446808511, 0.2695035460992908, 0.24113475177304963, 0.23404255319148937, 0.22340425531914893, 0.20567375886524822, 0.19148936170212766, 0.1879432624113475, 0.1702127659574468, 0.15602836879432624, 0.13120567375886524, 0.10638297872340426, 0.07801418439716312, 0.0425531914893617]",0.7659574468085106,0.7659574468085106,0.1915309119564439,0.6467375886524823
Vehicle,1,ga,100,282,1.0,0.0425531914893617,"[1.0, 1.0, 1.0, 0.9964539007092199, 0.9964539007092199, 0.9929078014184397, 0.9893617021276596, 0.9893617021276596, 0.9893617021276596, 0.9858156028368794, 0.9822695035460993, 0.9822695035460993, 0.975177304964539, 0.9716312056737588, 0.9716312056737588, 0.9680851063829787, 0.9645390070921985, 0.9609929078014184, 0.9609929078014184, 0.9574468085106383, 0.950354609929078, 0.9468085106382979, 0.9432624113475178, 0.9290780141843972, 0.9219858156028369, 0.9148936170212766, 0.9113475177304965, 0.9042553191489362, 0.8936170212765957, 0.8865248226950354, 0.875886524822695, 0.8581560283687943, 0.8581560283687943, 0.8439716312056738, 0.8297872340425532, 0.8262411347517731, 0.8262411347517731, 0.8120567375886525, 0.8049645390070922, 0.7872340425531915, 0.7730496453900709, 0.7624113475177305, 0.74822695035461, 0.7340425531914894, 0.7304964539007093, 0.7304964539007093, 0.7269503546099291, 0.7056737588652482, 0.6879432624113475, 0.6702127659574468, 0.6666666666666666, 0.6453900709219859, 0.6276595744680851, 0.6099290780141844, 0.5957446808510638, 0.5921985815602837, 0.5886524822695035, 0.5602836879432624, 0.5425531914893617, 0.524822695035461, 0.5106382978723404, 0.48936170212765956, 0.4858156028368794, 0.4645390070921986, 0.4645390070921986, 0.46099290780141844, 0.4574468085106383, 0.450354609929078, 0.4326241134751773, 0.4219858156028369, 0.4148936170212766, 0.4078014184397163, 0.4078014184397163, 0.4078014184397163, 0.39361702127659576, 0.37943262411347517, 0.375886524822695, 0.35815602836879434, 0.3404255319148936, 0.3191489361702128, 0.30851063829787234, 0.2872340425531915, 0.2765957446808511, 0.26595744680851063, 0.25177304964539005, 0.2375886524822695, 0.2375886524822695, 0.22340425531914893, 0.20921985815602837, 0.19858156028368795, 0.1879432624113475, 0.18439716312056736, 0.1702127659574468, 0.16312056737588654, 0.1524822695035461, 0.13120567375886524, 0.1099290780141844, 0.09929078014184398, 0.0851063829787234, 0.0425531914893617]",0.7411347517730497,0.7411347517730497,0.20303818325094922,0.6264893617021277
Vehicle,1,rf,100,282,1.0,0.02127659574468085,"[1.0, 1.0, 1.0, 1.0, 1.0, 0.9964539007092199, 0.9964539007092199, 0.9929078014184397, 0.9929078014184397, 0.9893617021276596, 0.9858156028368794, 0.9858156028368794, 0.9822695035460993, 0.9822695035460993, 0.9822695035460993, 0.9822695035460993, 0.9787234042553191, 0.9787234042553191, 0.9716312056737588, 0.9680851063829787, 0.9645390070921985, 0.950354609929078, 0.9432624113475178, 0.9290780141843972, 0.925531914893617, 0.9219858156028369, 0.9184397163120568, 0.9078014184397163, 0.8971631205673759, 0.8936170212765957, 0.8723404255319149, 0.8687943262411347, 0.8652482269503546, 0.8581560283687943, 0.851063829787234, 0.8404255319148937, 0.8297872340425532, 0.8120567375886525, 0.8014184397163121, 0.7907801418439716, 0.7872340425531915, 0.776595744680851, 0.7695035460992907, 0.7624113475177305, 0.74822695035461, 0.7411347517730497, 0.723404255319149, 0.7056737588652482, 0.6985815602836879, 0.6879432624113475, 0.6702127659574468, 0.6595744680851063, 0.6453900709219859, 0.6312056737588653, 0.6205673758865248, 0.6134751773049646, 0.6028368794326241, 0.6028368794326241, 0.5815602836879432, 0.5709219858156028, 0.5638297872340425, 0.5460992907801419, 0.5319148936170213, 0.5141843971631206, 0.5070921985815603, 0.4929078014184397, 0.4787234042553192, 0.475177304964539, 0.4645390070921986, 0.44680851063829785, 0.4326241134751773, 0.4219858156028369, 0.41134751773049644, 0.39361702127659576, 0.3829787234042553, 0.375886524822695, 0.35106382978723405, 0.33687943262411346, 0.3333333333333333, 0.3191489361702128, 0.29432624113475175, 0.28368794326241137, 0.2730496453900709, 0.24468085106382978, 0.2198581560283688, 0.21631205673758866, 0.20567375886524822, 0.1879432624113475, 0.18085106382978725, 0.16666666666666666, 0.14893617021276595, 0.1276595744680851, 0.12056737588652482, 0.1099290780141844, 0.10283687943262411, 0.08865248226950355, 0.07092198581560284, 0.06028368794326241, 0.028368794326241134, 0.02127659574468085]",0.7411347517730497,0.7411347517730497,0.1940153306110753,0.6293971631205674
Vehicle,2,ga,100,282,1.0,0.05319148936170213,"[1.0, 1.0, 1.0, 1.0, 0.9964539007092199, 0.9964539007092199, 0.9964539007092199, 0.9964539007092199, 0.9929078014184397, 0.9893617021276596, 0.9893617021276596, 0.9893617021276596, 0.9893617021276596, 0.9893617021276596, 0.9893617021276596, 0.975177304964539, 0.9680851063829787, 0.9574468085106383, 0.950354609929078, 0.950354609929078, 0.9468085106382979, 0.9432624113475178, 0.9432624113475178, 0.9432624113475178, 0.9397163120567376, 0.9326241134751773, 0.9290780141843972, 0.9113475177304965, 0.9042553191489362, 0.8971631205673759, 0.8865248226950354, 0.8687943262411347, 0.8617021276595744, 0.851063829787234, 0.8475177304964538, 0.8368794326241135, 0.8262411347517731, 0.8014184397163121, 0.7943262411347518, 0.7872340425531915, 0.7801418439716312, 0.776595744680851, 0.7588652482269503, 0.7553191489361702, 0.7340425531914894, 0.7163120567375887, 0.7163120567375887, 0.7092198581560284, 0.7021276595744681, 0.6914893617021277, 0.6879432624113475, 0.6737588652482269, 0.6631205673758865, 0.6560283687943262, 0.6524822695035462, 0.6382978723404256, 0.6347517730496454, 0.6170212765957447, 0.6063829787234043, 0.6063829787234043, 0.5957446808510638, 0.5673758865248227, 0.5567375886524822, 0.5531914893617021, 0.5390070921985816, 0.5319148936170213, 0.5177304964539007, 0.5106382978723404, 0.49645390070921985, 0.48936170212765956, 0.48226950354609927, 0.4645390070921986, 0.450354609929078, 0.4397163120567376, 0.43617021276595747, 0.425531914893617, 0.425531914893617, 0.4219858156028369, 0.41843971631205673, 0.4078014184397163, 0.40070921985815605, 0.38652482269503546, 0.375886524822695, 0.35815602836879434, 0.3546099290780142, 0.33687943262411346, 0.3191489361702128, 0.3191489361702128, 0.30141843971631205, 0.2907801418439716, 0.2624113475177305, 0.24468085106382978, 0.23049645390070922, 0.2198581560283688, 0.1950354609929078, 0.18085106382978725, 0.1524822695035461, 0.13120567375886524, 0.09574468085106383, 0.05319148936170213]",0.7375886524822695,0.7375886524822695,0.1835711727201089,0.6608510638297872
Vehicle,2,rf,100,282,1.0,0.010638297872340425,"[1.0, 1.0, 1.0, 1.0, 1.0, 1.0, 1.0, 0.9964539007092199, 0.9964539007092199, 0.9964539007092199, 0.9929078014184397, 0.9929078014184397, 0.9929078014184397, 0.9929078014184397, 0.9893617021276596, 0.9858156028368794, 0.9822695035460993, 0.9787234042553191, 0.975177304964539, 0.9716312056737588, 0.9680851063829787, 0.9609929078014184, 0.950354609929078, 0.9326241134751773, 0.9290780141843972, 0.925531914893617, 0.9148936170212766, 0.9078014184397163, 0.8971631205673759, 0.8936170212765957, 0.8865248226950354, 0.8865248226950354, 0.875886524822695, 0.8546099290780141, 0.8439716312056738, 0.8404255319148937, 0.8333333333333334, 0.8297872340425532, 0.8156028368794326, 0.7943262411347518, 0.7907801418439716, 0.7801418439716312, 0.7624113475177305, 0.75177304964539, 0.7340425531914894, 0.7269503546099291, 0.7163120567375887, 0.7163120567375887, 0.7056737588652482, 0.7021276595744681, 0.6914893617021277, 0.6914893617021277, 0.6808510638297872, 0.648936170212766, 0.624113475177305, 0.6134751773049646, 0.6028368794326241, 0.5921985815602837, 0.5780141843971631, 0.5638297872340425, 0.5531914893617021, 0.549645390070922, 0.549645390070922, 0.5390070921985816, 0.5319148936170213, 0.5212765957446809, 0.5106382978723404, 0.5, 0.48226950354609927, 0.475177304964539, 0.46808510638297873, 0.4574468085106383, 0.4432624113475177, 0.4326241134751773, 0.425531914893617, 0.4219858156028369, 0.4148936170212766, 0.3971631205673759, 0.37943262411347517, 0.3723404255319149, 0.36879432624113473, 0.35106382978723405, 0.3475177304964539, 0.3333333333333333, 0.32269503546099293, 0.30851063829787234, 0.2907801418439716, 0.2730496453900709, 0.2553191489361702, 0.23404255319148937, 0.21631205673758866, 0.19148936170212766, 0.1702127659574468, 0.15602836879432624, 0.11702127659574468, 0.1099290780141844, 0.06382978723404255, 0.04964539007092199, 0.028368794326241134, 0.010638297872340425]",0.7588652482269503,0.7588652482269503,0.18433197220431266,0.6488297872340425
